Rank,Impact_Level,Video_ID,Current_Title,Optimized_Title,Current_Views,Current_Retention,Implementation_Date,Post_Views,Post_Retention,Improvement_Percent,Notes,Implementation_Status
1,HIGH,4w3hQpbvOAo,Zombie Elevator #zombiearmyvr #gaming #vr #zombies #pcvr #shorts  #virtualreality #gameplay,This VR Zombie TERRIFIED Me! 😱 Epic Horror Gameplay #vr #zombies #pcvr #gaming #horror,952,26.62,2025-09-15,,,,,COMPLETED
2,HIGH,lDkySz_KIgY,Toughest neighborhood in Pechorsk Outskirts #gaming  #intotheradius2 #pcvr #virtualreality #shorts,MOST DANGEROUS VR Location! 😰 Into the Radius 2 Survival #vr #pcvr #gaming #intotheradius2,470,31.980000000000004,2025-09-15,,,,,COMPLETED
3,MEDIUM,KUrSLN-szIA,Into the Radius 2 Early Access .13.7 Realistic (bit harder) | No commentary | annotated tips,Into the Radius 2 VR Adventure! 🎮 PCVR Gameplay #vr #pcvr #gaming #intotheradius2,121,9.17,2025-09-15,,,,,COMPLETED
4,MEDIUM,Mvw8NEYHwPs,Into the Radius 2 Early Access - Standalone Meta Quest 3,This VR Game BLEW MY MIND! 🤯 Into the Radius 2 #vr #pcvr #gaming #intotheradius2 #amazing,85,4.95,2025-09-15,,,,,COMPLETED
5,MEDIUM,FyAPzSVi2AE,ConVRgence Episode 1,Hidden VR GEM! 💎 ConVRgence Epic Story #vr #pcvr #gaming #convrgence #hiddengem,66,18.38,2025-09-15,,,,,COMPLETED
6,MEDIUM,xc5kIFO2N_o,Into the Radius 2 EA .13.7 - Realistic,This VR Game BLEW MY MIND! 🤯 Into the Radius 2 #vr #pcvr #gaming #intotheradius2 #amazing,53,26.08,2025-09-15,,,,,COMPLETED
7,RECOVERY,P3-wHz7OI4k,Zombie Army VR - Part 5,You WON'T Believe This VR Zombie! 😱 Terrifying Gameplay #vr #zombies #pcvr #gaming #viral,42,3.19,2025-09-15,,,,,COMPLETED
8,RECOVERY,sDwSXBdctF0,Into the Radius 2 EA .13.7 Just some fun,This VR Game BLEW MY MIND! 🤯 Into the Radius 2 #vr #pcvr #gaming #intotheradius2 #amazing,30,23.98,2025-09-15,,,,,COMPLETED
9,RECOVERY,zqtUJ3rmJf0,ConVRgence Episode 3 - First Demon Boss Encounter!,Hidden VR GEM! 💎 ConVRgence Epic Story #vr #pcvr #gaming #convrgence #hiddengem,30,41.52,2025-09-15,,,,,COMPLETED
10,RECOVERY,RwxnlHMgZ1s,ConVRgence Episode 6 - Difficulty ramps up,Hidden VR GEM! 💎 ConVRgence Epic Story #vr #pcvr #gaming #convrgence #hiddengem,29,26.530000000000005,2025-09-15,,,,,COMPLETED
11,RECOVERY,n1XC9wd1Qzs,Check out the beta update!   Super nice additions and improvements!ConVRgence Episode 7 BIG UPDATE,Hidden VR GEM! 💎 ConVRgence Epic Story #vr #pcvr #gaming #convrgence #hiddengem,29,14.59,,,,,,PENDING
12,RECOVERY,BwU6QdViBMg,ConVRgence Episode 4 - I got him a beer!,Hidden VR GEM! 💎 ConVRgence Epic Story #vr #pcvr #gaming #convrgence #hiddengem,26,41.03,,,,,,PENDING
13,RECOVERY,Wb3GcMZDBP8,ConVRgence Episode 5  - Difficulty ramps up,Hidden VR GEM! 💎 ConVRgence Epic Story #vr #pcvr #gaming #convrgence #hiddengem,25,40.48,,,,,,PENDING
14,RECOVERY,kpxRbVpOZhg,ConVRgence Episode 2,Hidden VR GEM! 💎 ConVRgence Epic Story #vr #pcvr #gaming #convrgence #hiddengem,25,43.39,,,,,,PENDING
15,RECOVERY,5epq4kOQGHs,Into the Radius 2 EA - .13 .1 - Pechorsk Climbing,This VR Game BLEW MY MIND! 🤯 Into the Radius 2 #vr #pcvr #gaming #intotheradius2 #amazing,23,13.01,,,,,,PENDING
16,RECOVERY,4LC3u7C_0ds,Into the Radius 2 - Early Access - .13 Beta 2 - Part 4 - Security Level 4,This VR Game BLEW MY MIND! 🤯 Into the Radius 2 #vr #pcvr #gaming #intotheradius2 #amazing,22,7.780000000000001,,,,,,PENDING
17,RECOVERY,ap64SQOI8p0,Into the Radius 2 EA - .13 Ghost Town Update - Complete Play Through - Part 4,This VR Game BLEW MY MIND! 🤯 Into the Radius 2 #vr #pcvr #gaming #intotheradius2 #amazing,22,7.17,,,,,,PENDING
18,RECOVERY,b_ll7uSuOLY,Zombie Army VR - Part 2,You WON'T Believe This VR Zombie! 😱 Terrifying Gameplay #vr #zombies #pcvr #gaming #viral,22,19.57,,,,,,PENDING
19,RECOVERY,FKYjgnqbnT8,Into the Radius 2 EA - .13 Ghost Town Update - Complete Playthrough Nightmarish difficulty - Part 1,This VR Game BLEW MY MIND! 🤯 Into the Radius 2 #vr #pcvr #gaming #intotheradius2 #amazing,21,6.01,,,,,,PENDING
20,RECOVERY,KkHL38gsc7E,Unloop Gameplay Review,This UNKNOWN VR Game is AMAZING! 🤩 Hidden Gem Gameplay #vr #pcvr #gaming #hiddengem #amazing,20,20.74,,,,,,PENDING
21,RECOVERY,43Cxfom6V34,Zombie Army VR - Part 3,You WON'T Believe This VR Zombie! 😱 Terrifying Gameplay #vr #zombies #pcvr #gaming #viral,19,18.9,,,,,,PENDING
22,RECOVERY,FSJ4NLIeurs,Into the Radius 2 EA - Enemy Count Very High - Perchorsk Outskirts - No Commentary,This VR Game BLEW MY MIND! 🤯 Into the Radius 2 #vr #pcvr #gaming #intotheradius2 #amazing,19,11.15,,,,,,PENDING
23,RECOVERY,siDLs-a2-hw,Zombie Army VR - Part 4,You WON'T Believe This VR Zombie! 😱 Terrifying Gameplay #vr #zombies #pcvr #gaming #viral,19,21.22,,,,,,PENDING
24,RECOVERY,n3r0IPCUQcs,Into The Radius 2 - v.12 - Post SL3 - Episode 1,This VR Game BLEW MY MIND! 🤯 Into the Radius 2 #vr #pcvr #gaming #intotheradius2 #amazing,14,15.82,,,,,,PENDING
25,RECOVERY,yn7oy6HW0BM,Into the Radius 2 EA - .13 Ghost Town Update - Complete Play Through - Part 3,This VR Game BLEW MY MIND! 🤯 Into the Radius 2 #vr #pcvr #gaming #intotheradius2 #amazing,14,10.37,,,,,,PENDING
26,RECOVERY,-uZjbr4GMAw,Zombie Army VR - Part 1,You WON'T Believe This VR Zombie! 😱 Terrifying Gameplay #vr #zombies #pcvr #gaming #viral,11,12.68,,,,,,PENDING
27,RECOVERY,AoC3OAKmdIU,Gorn 2 - First Boss,This UNKNOWN VR Game is AMAZING! 🤩 Hidden Gem Gameplay #vr #pcvr #gaming #hiddengem #amazing,10,4.22,,,,,,PENDING
28,RECOVERY,3nfoq1KfXys,Escaping Wonderland Episode 4 -Mirror Mire - Twilight Acres,This Escaping Episode is INSANE! 🔥 Epic VR Gaming #vr #pcvr #gaming #series,9,6.44,,,,,,PENDING
29,RECOVERY,J0vV49urgOA,Into the Radius 2 EA Deathless Ironman - Episode 1,This VR Game BLEW MY MIND! 🤯 Into the Radius 2 #vr #pcvr #gaming #intotheradius2 #amazing,9,0.4099999999999999,,,,,,PENDING
30,RECOVERY,uf_RIFv3yeY,Into the Radius 2 EA  - .13.1 Update  - Default Nightmare Difficulty - Deathless - Part 3,This VR Game BLEW MY MIND! 🤯 Into the Radius 2 #vr #pcvr #gaming #intotheradius2 #amazing,9,6.54,,,,,,PENDING
31,RECOVERY,78IsElx5r1U,My First Time Playing Half Life Alyx Part 1,This My Episode is INSANE! 🔥 Epic VR Gaming #vr #pcvr #gaming #series,8,18.91,,,,,,PENDING
32,RECOVERY,Q562n_R0khE,Into The Radius 2 - 1,This VR Game BLEW MY MIND! 🤯 Into the Radius 2 #vr #pcvr #gaming #intotheradius2 #amazing,8,3.4799999999999995,,,,,,PENDING
33,RECOVERY,QtX7MoXh5wM,My First Time Playing Half Life Alyx Part 4,This My Episode is INSANE! 🔥 Epic VR Gaming #vr #pcvr #gaming #series,8,13.51,,,,,,PENDING
34,RECOVERY,Vptow4hkJJ0,Into the Radius Deathless Realistic - Episode 1,This VR Game BLEW MY MIND! 🤯 Into the Radius 2 #vr #pcvr #gaming #intotheradius2 #amazing,8,10.82,,,,,,PENDING
35,RECOVERY,riPwNfRQ0_Q,Into the Radius 2 EA - .13 Ghost Town Update - Complete Playthrough - Part 2,This VR Game BLEW MY MIND! 🤯 Into the Radius 2 #vr #pcvr #gaming #intotheradius2 #amazing,8,9.98,,,,,,PENDING
36,RECOVERY,px5a8v1VsdM,Into the Radius 2 EA - .13 Ghost Town Update - Complete Play Through - Part 5,This VR Game BLEW MY MIND! 🤯 Into the Radius 2 #vr #pcvr #gaming #intotheradius2 #amazing,7,7.180000000000001,,,,,,PENDING
37,RECOVERY,-J977JnpBf4,Into The Radius OG Part 1 -  Realistic Ironman,This VR Game BLEW MY MIND! 🤯 Into the Radius 2 #vr #pcvr #gaming #intotheradius2 #amazing,6,19.85,,,,,,PENDING
38,RECOVERY,8SFf_8T5G6E,My First Time Playing Half Life Alyx Part 3,This My Episode is INSANE! 🔥 Epic VR Gaming #vr #pcvr #gaming #series,6,13.82,,,,,,PENDING
39,RECOVERY,FPsArC4f16c,Into the Radius 2 EA  - .13.1 Update  - Default Nightmare Difficulty - Deathless - Part 2,This VR Game BLEW MY MIND! 🤯 Into the Radius 2 #vr #pcvr #gaming #intotheradius2 #amazing,6,2.15,,,,,,PENDING
40,RECOVERY,ZKpXD87weqU,My First Time Playing Half Life Alyx Part 2,This My Episode is INSANE! 🔥 Epic VR Gaming #vr #pcvr #gaming #series,6,15.079999999999998,,,,,,PENDING
41,RECOVERY,bF-R3g2YCvI,Into the Radius 2 EA - 13 Ghost Town Update - Complete Playthrough - Part 6,This VR Game BLEW MY MIND! 🤯 Into the Radius 2 #vr #pcvr #gaming #intotheradius2 #amazing,6,1.14,,,,,,PENDING
42,RECOVERY,R6zrZImseuM,World War Z Gameplay Review,This UNKNOWN VR Game is AMAZING! 🤩 Hidden Gem Gameplay #vr #pcvr #gaming #hiddengem #amazing,5,37.17,,,,,,PENDING
43,RECOVERY,KZc24oS62N0,Gorn 2 - Final Boss,This UNKNOWN VR Game is AMAZING! 🤩 Hidden Gem Gameplay #vr #pcvr #gaming #hiddengem #amazing,4,0.49,,,,,,PENDING
44,RECOVERY,sr3qSwk9-y0,Gorn 2 - Fourth Boss,This UNKNOWN VR Game is AMAZING! 🤩 Hidden Gem Gameplay #vr #pcvr #gaming #hiddengem #amazing,4,2.91,,,,,,PENDING
45,RECOVERY,vaW55Jq1Y4w,Into the Radius 2 EA  - .13.1 Update  - Default Nightmare Difficulty - Deathless - Part 1,This VR Game BLEW MY MIND! 🤯 Into the Radius 2 #vr #pcvr #gaming #intotheradius2 #amazing,4,17.84,,,,,,PENDING
46,RECOVERY,LPpZ-aj1a6w,Into the Radius - Scavenger Mod - Episode 2,This VR Game BLEW MY MIND! 🤯 Into the Radius 2 #vr #pcvr #gaming #intotheradius2 #amazing,3,0.17,,,,,,PENDING
47,RECOVERY,MoRjWIZzC1A,Into The Radius 2 - Early Access - .11 beta - Episode 4,This VR Game BLEW MY MIND! 🤯 Into the Radius 2 #vr #pcvr #gaming #intotheradius2 #amazing,3,5.9,,,,,,PENDING
48,RECOVERY,Yk2d4ORG_Zo,Into The Radius OG Part 3 - Realistic Ironman,This VR Game BLEW MY MIND! 🤯 Into the Radius 2 #vr #pcvr #gaming #intotheradius2 #amazing,3,4.57,,,,,,PENDING
49,RECOVERY,cJW1a_dXvBM,Gorn 2 - Second and Third Boss,This UNKNOWN VR Game is AMAZING! 🤩 Hidden Gem Gameplay #vr #pcvr #gaming #hiddengem #amazing,3,1.8000000000000005,,,,,,PENDING
50,RECOVERY,cU4GU6KPW4g,Into the Radius - Scavenger Mod - Episode 1,This VR Game BLEW MY MIND! 🤯 Into the Radius 2 #vr #pcvr #gaming #intotheradius2 #amazing,3,0.33,,,,,,PENDING
51,RECOVERY,eSZvAPPVgMI,Into The Radius 2 - 7,This VR Game BLEW MY MIND! 🤯 Into the Radius 2 #vr #pcvr #gaming #intotheradius2 #amazing,3,33.34,,,,,,PENDING
52,RECOVERY,v9TOdrokffY,Into The Radius 2 - 2,This VR Game BLEW MY MIND! 🤯 Into the Radius 2 #vr #pcvr #gaming #intotheradius2 #amazing,3,25.07,,,,,,PENDING
53,RECOVERY,-4_dz3zSwtw,Skydance Behemoth Dredstagg - Episode 7,This Skydance Episode is INSANE! 🔥 Epic VR Gaming #vr #pcvr #gaming #series,2,3.78,,,,,,PENDING
54,RECOVERY,-bj0KevsW04,Into The Radius 2 - 24,This VR Game BLEW MY MIND! 🤯 Into the Radius 2 #vr #pcvr #gaming #intotheradius2 #amazing,2,48.78,,,,,,PENDING
55,RECOVERY,5ZHffxKJA_k,Into The Radius 2 - 4,This VR Game BLEW MY MIND! 🤯 Into the Radius 2 #vr #pcvr #gaming #intotheradius2 #amazing,2,49.92,,,,,,PENDING
56,RECOVERY,639mk5qZUVA,Into the Radius 2 - .13 beta 3 - Nightmare Difficulty,This VR Game BLEW MY MIND! 🤯 Into the Radius 2 #vr #pcvr #gaming #intotheradius2 #amazing,2,3.73,,,,,,PENDING
57,RECOVERY,9feB0AaM6V0,Skydance Behemoth going to the Bat - Episode 3,This Skydance Episode is INSANE! 🔥 Epic VR Gaming #vr #pcvr #gaming #series,2,2.05,,,,,,PENDING
58,RECOVERY,Za9dtA3Rbok,Into the Radius OG Part 10 Realistic Ironman,This VR Game BLEW MY MIND! 🤯 Into the Radius 2 #vr #pcvr #gaming #intotheradius2 #amazing,2,48.39,,,,,,PENDING
59,RECOVERY,ZeVihuX4VmQ,Into the Radius - Scavenger Mod - Episode 4,This VR Game BLEW MY MIND! 🤯 Into the Radius 2 #vr #pcvr #gaming #intotheradius2 #amazing,2,0.28,,,,,,PENDING
60,RECOVERY,_X3Q0AG0zbw,Into The Radius 2 - Early Access - 11 Beta 2 NEW - Episode 1,This VR Game BLEW MY MIND! 🤯 Into the Radius 2 #vr #pcvr #gaming #intotheradius2 #amazing,2,2.13,,,,,,PENDING
61,RECOVERY,aKtGtDLEEZ8,NOOB Plays Arizona Sunshine 2  - 1,This UNKNOWN VR Game is AMAZING! 🤩 Hidden Gem Gameplay #vr #pcvr #gaming #hiddengem #amazing,2,2.42,,,,,,PENDING
62,RECOVERY,eYt_b7mgtoM,My First Time Playing Half Life Alyx Finale - Ending Spoiler Alert,This UNKNOWN VR Game is AMAZING! 🤩 Hidden Gem Gameplay #vr #pcvr #gaming #hiddengem #amazing,2,0.2,,,,,,PENDING
63,RECOVERY,fjw3_7IGUZk,Into the Radius Deathless Realistic - Episode 2,This VR Game BLEW MY MIND! 🤯 Into the Radius 2 #vr #pcvr #gaming #intotheradius2 #amazing,2,10.95,,,,,,PENDING
64,RECOVERY,j2C330GfpB8,Into The Radius OG Part 2 - Realistic Ironman,This VR Game BLEW MY MIND! 🤯 Into the Radius 2 #vr #pcvr #gaming #intotheradius2 #amazing,2,39.91,,,,,,PENDING
65,RECOVERY,m0BXazJ5cnw,Into the Radius 2 EA Enemy Count Very High,This VR Game BLEW MY MIND! 🤯 Into the Radius 2 #vr #pcvr #gaming #intotheradius2 #amazing,2,43.51,,,,,,PENDING
66,RECOVERY,tTQuOCWB1lU,The Midnight Walk - Part 3,This The Episode is INSANE! 🔥 Epic VR Gaming #vr #pcvr #gaming #series,2,1.2,,,,,,PENDING
67,RECOVERY,vOnQmh1UyF4,Into The Radius 2 - Early Access- 11 Beta 2 - Episode 2,This VR Game BLEW MY MIND! 🤯 Into the Radius 2 #vr #pcvr #gaming #intotheradius2 #amazing,2,36.09,,,,,,PENDING
68,RECOVERY,w7QiYx1kP4o,Frenzy Extinction Gameplay Episode 1,This Frenzy Episode is INSANE! 🔥 Epic VR Gaming #vr #pcvr #gaming #series,2,1.82,,,,,,PENDING
69,RECOVERY,-2QJIgv4n6k,Into The Radius 2 - 29,This VR Game BLEW MY MIND! 🤯 Into the Radius 2 #vr #pcvr #gaming #intotheradius2 #amazing,1,91.18,,,,,,PENDING
70,RECOVERY,0foOOI7fahU,Into the Radius Ironman Realistic - Episode 9,This VR Game BLEW MY MIND! 🤯 Into the Radius 2 #vr #pcvr #gaming #intotheradius2 #amazing,1,0.09,,,,,,PENDING
71,RECOVERY,1V22T9fScUs,Into The Radius 2 EA v12.2 - 4 Missions,This VR Game BLEW MY MIND! 🤯 Into the Radius 2 #vr #pcvr #gaming #intotheradius2 #amazing,1,0.8100000000000002,,,,,,PENDING
72,RECOVERY,1YPKuu0fMR4,Skydance Behemoth Nightscraper - Episode 4,This Skydance Episode is INSANE! 🔥 Epic VR Gaming #vr #pcvr #gaming #series,1,5.61,,,,,,PENDING
73,RECOVERY,1oK-kRtR-RI,Into the Radius 2 - .13 Beta 3 - Enemy Count Very High,This VR Game BLEW MY MIND! 🤯 Into the Radius 2 #vr #pcvr #gaming #intotheradius2 #amazing,1,0.12,,,,,,PENDING
74,RECOVERY,2p5kTU9WMzw,Alien Rogue Incursion - Episode 1,This Alien Episode is INSANE! 🔥 Epic VR Gaming #vr #pcvr #gaming #series,1,0.06,,,,,,PENDING
75,RECOVERY,4CdUwG5EDCs,Into The Radius 2 - 25,This VR Game BLEW MY MIND! 🤯 Into the Radius 2 #vr #pcvr #gaming #intotheradius2 #amazing,1,1.34,,,,,,PENDING
76,RECOVERY,4EZirhJY0_0,Into The Radius 2 - Early Access 11 beta - Episode 2,This VR Game BLEW MY MIND! 🤯 Into the Radius 2 #vr #pcvr #gaming #intotheradius2 #amazing,1,8.17,,,,,,PENDING
77,RECOVERY,5VuTKZ3-CC4,Into the Radius - Scavenger Mod - Episode 3,This VR Game BLEW MY MIND! 🤯 Into the Radius 2 #vr #pcvr #gaming #intotheradius2 #amazing,1,0.51,,,,,,PENDING
78,RECOVERY,7TcTjaKgrPU,Into The Radius 2 12 Beta 2 - Episode 6,This VR Game BLEW MY MIND! 🤯 Into the Radius 2 #vr #pcvr #gaming #intotheradius2 #amazing,1,0.74,,,,,,PENDING
79,RECOVERY,9D0txuIk5yc,My First Time Playing Half Life Alyx Part 5,This My Episode is INSANE! 🔥 Epic VR Gaming #vr #pcvr #gaming #series,1,104.69,,,,,,PENDING
80,RECOVERY,A-a2bJ_8ufE,Into the Radius Deathless Realistic - Episode 4,This VR Game BLEW MY MIND! 🤯 Into the Radius 2 #vr #pcvr #gaming #intotheradius2 #amazing,1,0.3,,,,,,PENDING
81,RECOVERY,CNPT-pfm3Wo,Into The Radius OG Part 8   Realistic Ironman,This VR Game BLEW MY MIND! 🤯 Into the Radius 2 #vr #pcvr #gaming #intotheradius2 #amazing,1,65.46,,,,,,PENDING
82,RECOVERY,FEUgPXZpR_Y,Into the Radius Deathless Realistic - Episode 3,This VR Game BLEW MY MIND! 🤯 Into the Radius 2 #vr #pcvr #gaming #intotheradius2 #amazing,1,0.12,,,,,,PENDING
83,RECOVERY,FLQ3yOo3TSo,Batman Arkham Shadow - Episode 10,This Batman Episode is INSANE! 🔥 Epic VR Gaming #vr #pcvr #gaming #series,1,9.46,,,,,,PENDING
84,RECOVERY,IVhVSFky7q0,Into the Radius OG Part 9 Realistic Ironman,This VR Game BLEW MY MIND! 🤯 Into the Radius 2 #vr #pcvr #gaming #intotheradius2 #amazing,1,97.88,,,,,,PENDING
85,RECOVERY,IzVsVNNFCXA,Into The Radius 2 EA 12 Beta - Episode 1,This VR Game BLEW MY MIND! 🤯 Into the Radius 2 #vr #pcvr #gaming #intotheradius2 #amazing,1,0.98,,,,,,PENDING
86,RECOVERY,J3jrTgahdG8,My First Time Playing Half Life Alyx Part 6,This My Episode is INSANE! 🔥 Epic VR Gaming #vr #pcvr #gaming #series,1,36.47,,,,,,PENDING
87,RECOVERY,KMSOP24XOlU,Into the Radius Ironman Realistic 2nd Attempt - Episode 1,This VR Game BLEW MY MIND! 🤯 Into the Radius 2 #vr #pcvr #gaming #intotheradius2 #amazing,1,0.24,,,,,,PENDING
88,RECOVERY,Krgtgwn3oNI,Into The Radius 2 EA 12 Beta - Episode 5,This VR Game BLEW MY MIND! 🤯 Into the Radius 2 #vr #pcvr #gaming #intotheradius2 #amazing,1,96.2,,,,,,PENDING
89,RECOVERY,LttV_Rz_rtQ,Into The Radius 2 - 6,This VR Game BLEW MY MIND! 🤯 Into the Radius 2 #vr #pcvr #gaming #intotheradius2 #amazing,1,1.58,,,,,,PENDING
90,RECOVERY,M2oSUYTN6eQ,Metro Awakening Episode 6,This Metro Episode is INSANE! 🔥 Epic VR Gaming #vr #pcvr #gaming #series,1,33.51,,,,,,PENDING
91,RECOVERY,MBGwSfM47Jg,Into The Radius 2 - Early Access - 11 beta - Episode 1,This VR Game BLEW MY MIND! 🤯 Into the Radius 2 #vr #pcvr #gaming #intotheradius2 #amazing,1,27.0,,,,,,PENDING
92,RECOVERY,S4qhj2gp4xY,Into The Radius 2 - 12,This VR Game BLEW MY MIND! 🤯 Into the Radius 2 #vr #pcvr #gaming #intotheradius2 #amazing,1,1.48,,,,,,PENDING
93,RECOVERY,UZ9lwwPeAt0,Into The Radius 2 EA Enemy Count High Again,This VR Game BLEW MY MIND! 🤯 Into the Radius 2 #vr #pcvr #gaming #intotheradius2 #amazing,1,0.77,,,,,,PENDING
94,RECOVERY,YAbGpLinDM8,Escaping Wonderland Episode 3 Tweedle Twins,This Escaping Episode is INSANE! 🔥 Epic VR Gaming #vr #pcvr #gaming #series,1,0.73,,,,,,PENDING
95,RECOVERY,ZVAwdAb2tH0,Into The Radius 2 - 8,This VR Game BLEW MY MIND! 🤯 Into the Radius 2 #vr #pcvr #gaming #intotheradius2 #amazing,1,99.64,,,,,,PENDING
96,RECOVERY,_3O96HGYMkE,Into the Radius - Ironman Realistic - Kids Playground,This VR Game BLEW MY MIND! 🤯 Into the Radius 2 #vr #pcvr #gaming #intotheradius2 #amazing,1,0.13,,,,,,PENDING
97,RECOVERY,_d2qhZEFJ64,Arizona Sunshine Remake Final Episode,This Arizona Episode is INSANE! 🔥 Epic VR Gaming #vr #pcvr #gaming #series,1,0.33,,,,,,PENDING
98,RECOVERY,caI6SD5jokY,Into The Radius 2 - 16,This VR Game BLEW MY MIND! 🤯 Into the Radius 2 #vr #pcvr #gaming #intotheradius2 #amazing,1,30.96,,,,,,PENDING
99,RECOVERY,fANxU0Tl-FY,Into the Radius 2 - .13 Beta 3 - Clearing the town,This VR Game BLEW MY MIND! 🤯 Into the Radius 2 #vr #pcvr #gaming #intotheradius2 #amazing,1,1.08,,,,,,PENDING
100,RECOVERY,nhZiJH_bXxM,Into The Radius 2 - .12 Beta 2 - Post SL 3 - Episode 1,This VR Game BLEW MY MIND! 🤯 Into the Radius 2 #vr #pcvr #gaming #intotheradius2 #amazing,1,1.46,,,,,,PENDING
101,RECOVERY,oJpUXMACI6k,Into The Radius OG Part 4 - Realistic Ironman,This VR Game BLEW MY MIND! 🤯 Into the Radius 2 #vr #pcvr #gaming #intotheradius2 #amazing,1,0.02,,,,,,PENDING
102,RECOVERY,oewUFChqkQk,Into The Radius 2 EA 12 Beta - Episode 6,This VR Game BLEW MY MIND! 🤯 Into the Radius 2 #vr #pcvr #gaming #intotheradius2 #amazing,1,73.66,,,,,,PENDING
103,RECOVERY,stfSjwZEBeo,Into the Radius - Scavenger Mod - Episode 12,This VR Game BLEW MY MIND! 🤯 Into the Radius 2 #vr #pcvr #gaming #intotheradius2 #amazing,1,2.05,,,,,,PENDING
104,RECOVERY,wu0Lgt8fkzo,Into The Radius 2 - Early Access - 11 beta - Episode 3,This VR Game BLEW MY MIND! 🤯 Into the Radius 2 #vr #pcvr #gaming #intotheradius2 #amazing,1,38.73,,,,,,PENDING
105,RECOVERY,xm1XhLnzcdk,Into The Radius 2 - 9 (Part  1),This VR Game BLEW MY MIND! 🤯 Into the Radius 2 #vr #pcvr #gaming #intotheradius2 #amazing,1,88.58,,,,,,PENDING
106,RECOVERY,y-CxGT4Iuks,Skydance Behemoth Shacklehide - Episode 1,This Skydance Episode is INSANE! 🔥 Epic VR Gaming #vr #pcvr #gaming #series,1,0.08,,,,,,PENDING
107,RECOVERY,y8fW1pV_03c,Into The Radius 2 - 9 (Part 2),This VR Game BLEW MY MIND! 🤯 Into the Radius 2 #vr #pcvr #gaming #intotheradius2 #amazing,1,48.94,,,,,,PENDING
108,RECOVERY,zE3JAODPhPU,Skydance Behemoth Finale (Part 1) Episode 8,This Skydance Episode is INSANE! 🔥 Epic VR Gaming #vr #pcvr #gaming #series,1,0.36,,,,,,PENDING
109,RECOVERY,et9nSj-CxnY,Escaping Wonderland Episode 1 Weed Plant,This Escaping Episode is INSANE! 🔥 Epic VR Gaming #vr #pcvr #gaming #series,0,0.0,,,,,,PENDING
